{"cameraMode":{"drawMode":0,"name":"Shaded","section":"Shading Mode"},"sceneLighting":true,"audioPlay":false,"sceneViewState":{"showFog":true,"showMaterialUpdate":false,"showSkybox":true,"showFlares":true,"showImageEffects":true,"showParticleSystems":true},"in2DMode":false,"pivot":{"x":-0.1903228759765625,"y":1.2197265625,"z":0.83441162109375},"rotation":{"x":-0.31871297955513,"y":-0.6381910443305969,"z":0.32861465215682986,"w":-0.6189882755279541},"size":2.178288459777832,"orthographic":true}